{
  "lab_name": "full-mesh",
  "timestamp": 1734711792.127861,
  "total_prefixes": 7,
  "path_counts": {
    "fc00:2142:1:1::/64": 1,
    "fc00:2142:1:2::/64": 1,
    "fc00:2142:1:3::/64": 1,
    "fc00:2142:a::/48": 2,
    "fc00:2142:a:2::/64": 2,
    "fc00:2142:b::/48": 2,
    "fc00:2142:b:2::/64": 2
  },
  "average_paths": 1.5714285714285714,
  "router": "R10"
}